<?xml version="1.0" encoding="UTF-8"?>
<project-private xmlns="http://www.netbeans.org/ns/project-private/1">
    <editor-bookmarks xmlns="http://www.netbeans.org/ns/editor-bookmarks/2" lastBookmarkId="0"/>
    <open-files xmlns="http://www.netbeans.org/ns/projectui-open-files/2">
        <group>
            <file>file:/C:/Users/INT303/Desktop/60130500071/INT303/MyFirstWebApp/src/java/sit/int303/first/servlet/GetProductServlet.java</file>
            <file>file:/C:/Users/INT303/Desktop/60130500071/INT303/MyFirstWebApp/web/WEB-INF/glassfish-resources.xml</file>
            <file>file:/C:/Users/INT303/Desktop/60130500071/INT303/MyFirstWebApp/web/index.jsp</file>
            <file>file:/C:/Users/INT303/Desktop/60130500071/INT303/MyFirstWebApp/src/java/sit/int303/first/servlet/ProductListServlet.java</file>
            <file>file:/C:/Users/INT303/Desktop/60130500071/INT303/MyFirstWebApp/web/ProductList.jsp</file>
            <file>file:/C:/Users/INT303/Desktop/60130500071/INT303/MyFirstWebApp/web/ViewProductDetail.jsp</file>
        </group>
    </open-files>
</project-private>
